TSLA,MSFT,CL=F
21.368667602539062,80.94039916992188,60.369998931884766
21.149999618530273,81.31707000732422,61.630001068115234
20.974666595458984,82.03279113769531,62.0099983215332
21.10533332824707,83.04981994628906,61.439998626708984
22.42733383178711,83.13458251953125,61.72999954223633
22.246000289916992,83.07808685302734,62.959999084472656
22.31999969482422,82.701416015625,63.56999969482422
22.530000686645508,82.94624328613281,63.79999923706055
22.4146671295166,84.37765502929688,64.30000305175781
22.67066764831543,83.20050811767578,63.72999954223633
23.143999099731445,84.88617706298828,63.970001220703125
22.971332550048828,84.84850311279297,63.95000076293945
23.334667205810547,84.75432586669922,63.369998931884766
23.437332153320312,86.27049255371094,63.4900016784668
23.519332885742188,86.54358673095703,64.47000122070312
23.05933380126953,86.46826171875,65.61000061035156
22.50933265686035,86.94852447509766,65.51000213623047
22.856666564941406,88.57770538330078,66.13999938964844
23.302000045776367,88.44585418701172,65.55999755859375
23.05466651916504,87.33460998535156,64.5
23.62066650390625,89.4723129272461,64.7300033569336
23.28333282470703,88.76602935791016,65.80000305175781
22.916667938232422,86.43059539794922,65.44999694824219
22.208667755126953,82.87089538574219,64.1500015258789
22.264667510986328,86.00680541992188,63.38999938964844
23.0,84.38706970214844,61.790000915527344
21.01533317565918,80.05517578125,61.150001525878906
20.69466781616211,83.04041290283203,59.20000076293945
21.048667907714844,83.93505096435547,59.290000915527344
21.577333450317383,84.59425354003906,59.189998626708984
21.487333297729492,85.91883087158203,60.599998474121094
22.271333694458008,87.66919708251953,61.34000015258789
22.365999221801758,87.04475402832031,61.68000030517578
22.31800079345703,87.72596740722656,61.900001525878906
22.219999313354492,86.56220245361328,61.68000030517578
23.077999114990234,86.78929138183594,62.77000045776367
23.469999313354492,88.99380493164062,63.54999923706055
23.827999114990234,90.2805404663086,63.90999984741211
23.39933204650879,89.1262435913086,63.0099983215332
22.87066650390625,88.71940612792969,61.63999938964844
22.062000274658203,87.84896850585938,60.9900016784668
22.341333389282227,88.03819274902344,61.25
22.22333335876465,88.59640502929688,62.56999969482422
21.8799991607666,88.29364013671875,62.599998474121094
22.15333366394043,88.80457305908203,61.150001525878906
21.940000534057617,89.3438491821289,60.119998931884766
21.81133270263672,91.34019470214844,62.040000915527344
23.034000396728516,91.55783081054688,61.36000061035156
22.78933334350586,89.324951171875,60.709999084472656
21.775333404541016,88.79508972167969,60.959999084472656
21.706666946411133,89.10733032226562,61.189998626708984
21.42333221435547,89.50470733642578,62.34000015258789
20.90399932861328,87.88679504394531,62.060001373291016
20.703332901000977,88.11388397216797,63.400001525878906
21.101999282836914,87.49890899658203,65.16999816894531
20.606666564941406,84.95376586914062,64.30000305175781
20.1026668548584,82.48434448242188,65.87999725341797
20.278667449951172,88.72887420654297,65.55000305175781
18.61199951171875,84.65100860595703,65.25
17.185333251953125,84.5753173828125,64.37999725341797
17.742000579833984,86.35404968261719,64.94000244140625
16.832000732421875,83.7521743774414,63.0099983215332
17.8353328704834,84.87808990478516,63.5099983215332
19.12933349609375,87.3569564819336,63.369998931884766
20.381332397460938,87.40428161621094,63.540000915527344
19.953332901000977,85.37007904052734,62.060001373291016
19.310667037963867,85.8809814453125,63.41999816894531
20.31333351135254,87.8773422241211,65.51000213623047
20.062000274658203,86.91226959228516,66.81999969482422
19.60533332824707,88.53963470458984,67.06999969482422
20.022666931152344,88.06658935546875,67.38999938964844
19.413999557495117,89.09786224365234,66.22000122070312
19.179332733154297,90.8955307006836,66.5199966430664
19.55666732788086,91.24559020996094,68.47000122070312
20.005332946777344,90.93338012695312,68.29000091552734
19.349332809448242,89.88317108154297,68.37999725341797
18.891332626342773,90.21432495117188,68.63999938964844
18.8973331451416,88.10442352294922,67.69999694824219
18.71266746520996,87.33804321289062,68.05000305175781
19.031999588012695,89.18301391601562,68.19000244140625
19.60533332824707,90.65898895263672,68.0999984741211
19.593332290649414,88.4828872680664,68.56999969482422
19.994667053222656,89.88317108154297,67.25
20.07666778564453,88.47341918945312,67.93000030517578
18.963333129882812,89.00325775146484,68.43000030517578
19.606000900268555,90.0345458984375,69.72000122070312
20.184667587280273,91.03746032714844,70.7300033569336
20.131332397460938,90.64952850341797,69.05999755859375
20.456666946411133,91.71867370605469,71.13999938964844
20.334667205810547,92.63642120361328,71.36000061035156
20.070667266845703,92.43772888183594,70.69999694824219
19.46466636657715,92.74995422363281,70.95999908447266
18.94533348083496,92.07820129394531,71.30999755859375
19.09866714477539,92.31576538085938,71.48999786376953
18.96933364868164,91.39402770996094,71.48999786376953
18.454666137695312,91.56509399414062,71.27999877929688
18.965999603271484,92.74337005615234,72.23999786376953
18.333999633789062,92.64836120605469,72.12999725341797
18.60466766357422,93.75062561035156,71.83999633789062
18.523332595825195,93.41802215576172,70.70999908447266
18.59000015258789,93.46556091308594,67.87999725341797
18.917333602905273,93.13296508789062,66.7300033569336
19.447999954223633,94.02621459960938,68.20999908447266
18.98200035095215,93.92166900634766,67.04000091552734
19.454666137695312,95.7746353149414,65.80999755859375
19.78266716003418,96.61085510253906,64.75
19.408666610717773,97.10498809814453,65.5199966430664
21.299999237060547,97.39002990722656,64.7300033569336
21.07266616821289,95.86015319824219,65.94999694824219
21.17733383178711,96.57283782958984,65.73999786376953
22.139999389648438,96.02169799804688,66.0999984741211
22.851333618164062,96.26876068115234,66.36000061035156
22.985332489013672,95.8316421508789,66.63999938964844
23.847999572753906,96.37330627441406,66.88999938964844
23.878000259399414,95.14746856689453,65.05999755859375
24.722000122070312,95.84115600585938,65.8499984741211
23.503332138061523,95.84115600585938,65.06999969482422
24.148000717163086,96.8009033203125,66.22000122070312
23.167333602905273,96.10721588134766,65.54000091552734
22.242000579833984,95.41355895996094,68.58000183105469
22.200666427612305,93.49405670166016,68.08000183105469
22.799999237060547,94.14974212646484,70.52999877929688
22.96666717529297,92.68634796142578,72.76000213623047
23.32866668701172,93.72211456298828,73.44999694824219
22.863332748413086,93.70313262939453,74.1500015258789
22.33799934387207,95.03345489501953,73.94000244140625
20.724000930786133,94.12123107910156,74.13999938964844
20.610666275024414,94.79590606689453,72.94000244140625
20.593332290649414,96.126220703125,73.80000305175781
21.233999252319336,96.78189086914062,73.8499984741211
21.49799919128418,97.03845977783203,74.11000061035156
21.263999938964844,96.9054183959961,70.37999725341797
21.11400032043457,99.00546264648438,70.33000183105469
21.257999420166016,100.1837387084961,71.01000213623047
20.67333221435547,99.68963623046875,68.05999755859375
21.512666702270508,100.6778793334961,68.08000183105469
21.59000015258789,99.8891830444336,68.76000213623047
21.34866714477539,99.20500946044922,69.45999908447266
20.905332565307617,100.98194122314453,70.45999908447266
20.213333129882812,102.59735107421875,67.88999938964844
19.82866668701172,102.30278015136719,68.5199966430664
20.582666397094727,105.3150405883789,69.30000305175781
20.44333267211914,104.16524505615234,69.61000061035156
19.812000274658203,102.32179260253906,68.69000244140625
19.344667434692383,100.12674713134766,70.12999725341797
19.875999450683594,100.80140686035156,68.76000213623047
20.055999755859375,100.991455078125,67.66000366210938
23.30266761779785,102.2172622680664,68.95999908447266
23.211332321166992,102.66387939453125,68.48999786376953
22.799333572387695,102.74939727783203,69.01000213623047
25.30466651916504,103.46206665039062,69.16999816894531
24.689332962036133,104.04170989990234,66.94000244140625
23.496667861938477,104.2127685546875,66.80999755859375
23.69933319091797,103.57609558105469,67.62999725341797
23.76066780090332,102.82540893554688,67.19999694824219
23.176000595092773,104.10823059082031,67.04000091552734
22.57933235168457,102.69646453857422,65.01000213623047
22.363332748413086,102.67740631103516,65.45999908447266
20.366666793823242,102.62014770507812,65.91000366210938
20.562667846679688,101.94287872314453,66.43000030517578
21.459999084472656,101.09394073486328,67.3499984741211
21.44266700744629,102.12413024902344,67.86000061035156
21.34000015258789,102.60107421875,67.83000183105469
21.521333694458008,103.40234375,68.72000122070312
21.284666061401367,104.54701232910156,68.87000274658203
20.790666580200195,105.17658996582031,68.52999877929688
20.333999633789062,106.85546112060547,69.51000213623047
20.209999084472656,106.78868865966797,70.25
20.110666275024414,107.15116119384766,69.80000305175781
19.26333236694336,106.55976104736328,69.87000274658203
18.715999603271484,103.48819732666016,68.72000122070312
18.729999542236328,103.72666931152344,67.7699966430664
17.549333572387695,103.22112274169922,67.75
19.03333282470703,104.33716583251953,67.54000091552734
18.62933349609375,106.11139678955078,69.25
19.369333267211914,106.55976104736328,70.37000274658203
19.297332763671875,107.70442199707031,68.58999633789062
19.68000030517578,108.14322662353516,68.98999786376953
19.6560001373291,106.96993255615234,68.91000366210938
18.997333526611328,107.99060821533203,69.8499984741211
19.934667587280273,106.55021667480469,71.12000274658203
19.8886661529541,108.33399963378906,70.80000305175781
19.940000534057617,108.99217224121094,70.77999877929688
19.978666305541992,109.38328552246094,72.08000183105469
20.06599998474121,109.17343139648438,72.27999877929688
20.6386661529541,108.72510528564453,71.56999969482422
20.501333236694336,109.1352767944336,72.12000274658203
17.65133285522461,109.09710693359375,73.25
20.713333129882812,110.27995300292969,75.30000305175781
20.06800079345703,109.84114837646484,75.2300033569336
19.65333366394043,109.8602294921875,76.41000366210938
18.788667678833008,107.5899658203125,74.33000183105469
17.463333129882812,106.96039581298828,74.33999633789062
16.70400047302246,105.73939514160156,74.29000091552734
17.520000457763672,107.08438873291016,74.95999908447266
17.125333786010742,101.265625,73.16999816894531
16.815332412719727,101.02716064453125,70.97000122070312
17.25200080871582,104.51842498779297,71.33999633789062
17.305999755859375,102.63922882080078,71.77999877929688
18.439332962036133,105.88247680664062,71.91999816894531
18.118667602539062,105.60584259033203,69.75
17.5939998626709,103.49774169921875,68.6500015258789
17.333332061767578,103.65037536621094,69.12000274658203
17.39666748046875,104.57563018798828,69.16999816894531
19.609333038330078,103.1161880493164,66.43000030517578
19.233333587646484,97.60265350341797,66.81999969482422
20.99066734313965,103.30697631835938,67.33000183105469
22.059999465942383,102.02873229980469,67.58999633789062
22.323333740234375,99.06212615966797,67.04000091552734
21.99333381652832,98.94766998291016,66.18000030517578
22.488000869750977,101.8856430053711,65.30999755859375
22.95199966430664,101.03669738769531,63.689998626708984
23.0939998626709,101.265625,63.13999938964844
22.760000228881836,102.55339050292969,63.099998474121094
22.737333297729492,102.75370025634766,62.209999084472656
23.21066665649414,106.7982177734375,61.66999816894531
23.426666259765625,106.59791564941406,60.66999816894531
23.367332458496094,104.51842498779297,60.189998626708984
22.0853328704834,101.94287872314453,59.93000030517578
22.582000732421875,102.00967407226562,55.689998626708984
22.933332443237305,100.56307220458984,56.25
23.229333877563477,102.77608489990234,56.459999084472656
23.62066650390625,103.7436752319336,56.459999084472656
23.564666748046875,100.22775268554688,56.7599983215332
23.166000366210938,97.43991088867188,53.43000030517578
22.54599952697754,98.78114318847656,54.630001068115234
21.722000122070312,98.7428207397461,50.41999816894531
23.066667556762695,102.00007629394531,51.630001068115234
22.92799949645996,102.64197540283203,51.560001373291016
23.191333770751953,106.45487976074219,50.290000915527344
22.744667053222656,105.56391906738281,51.45000076293945
23.365333557128906,106.23452758789062,50.93000030517578
23.89933204650879,107.3841323852539,52.95000076293945
23.979999542236328,103.96401977539062,53.25
24.20400047302246,104.60590362548828,51.4900016784668
23.864667892456055,100.41936492919922,52.61000061035156
24.343332290649414,103.07307434082031,51.0
24.450666427612305,104.03108978271484,51.650001525878906
24.440000534057617,104.50051879882812,51.150001525878906
25.119333267211914,104.85497283935547,52.58000183105469
24.380666732788086,101.57855224609375,51.20000076293945
23.22800064086914,98.57038116455078,49.880001068115234
22.468666076660156,99.60504150390625,46.2400016784668
22.197999954223633,99.33678436279297,47.20000076293945
21.025333404541016,97.24833679199219,45.880001068115234
21.31800079345703,94.10603332519531,45.59000015258789
19.69266700744629,90.17815399169922,42.529998779296875
21.73933219909668,96.33819580078125,46.220001220703125
21.075332641601562,96.93217468261719,44.61000061035156
22.257999420166016,96.17533874511719,45.33000183105469
22.18666648864746,97.30580139160156,45.40999984741211
20.674667358398438,96.87469482421875,46.540000915527344
20.02400016784668,93.31087493896484,47.09000015258789
21.179332733154297,97.65068817138672,47.959999084472656
22.33066749572754,97.7752456665039,48.52000045776367
22.356666564941406,98.48416137695312,49.779998779296875
22.568666458129883,99.89244079589844,52.36000061035156
22.99799919128418,99.25056457519531,52.59000015258789
23.150667190551758,98.48416137695312,51.59000015258789
22.293333053588867,97.7656478881836,50.5099983215332
22.961999893188477,100.60138702392578,52.11000061035156
23.06999969482422,100.9558334350586,52.310001373291016
23.15399932861328,101.66477966308594,52.06999969482422
20.150667190551758,103.18801879882812,53.79999923706055
19.92799949645996,101.24324798583984,52.56999969482422
19.172666549682617,102.22999572753906,52.619998931884766
19.43400001525879,101.74142456054688,53.130001068115234
19.80266761779785,102.67070770263672,53.689998626708984
19.7586669921875,100.66844177246094,51.9900016784668
19.83066749572754,98.61830139160156,53.310001373291016
20.584667205810547,101.91386413574219,54.22999954223633
20.468000411987305,100.04573059082031,53.790000915527344
20.81399917602539,98.46500396728516,55.2599983215332
20.859333038330078,101.30074310302734,54.560001373291016
21.42333221435547,102.71858978271484,53.65999984741211
21.148000717163086,101.57855224609375,54.0099983215332
20.500667572021484,100.8504638671875,52.63999938964844
20.386667251586914,101.2336654663086,52.720001220703125
20.856000900268555,100.8313217163086,52.40999984741211
20.78733253479004,102.40245819091797,53.099998474121094
20.544666290283203,102.32581329345703,53.900001525878906
20.251333236694336,102.41203308105469,54.40999984741211
20.525333404541016,103.67662048339844,55.59000015258789
20.375999450683594,103.62870788574219,56.09000015258789
20.17066764831543,103.08992767333984,56.91999816894531
19.415332794189453,105.26431274414062,56.959999084472656
19.6473331451416,106.76519775390625,57.2599983215332
19.917999267578125,107.36167907714844,55.47999954223633
19.857332229614258,108.1025161743164,55.5
20.982667922973633,107.91970825195312,56.939998626708984
21.325332641601562,107.7850112915039,57.220001220703125
19.652666091918945,108.26607513427734,55.79999923706055
19.02400016784668,108.0063247680664,56.59000015258789
18.43600082397461,107.46753692626953,56.560001373291016
18.416000366210938,107.51563262939453,56.220001220703125
18.439332962036133,106.20716094970703,56.65999984741211
18.94266700744629,106.32262420654297,56.06999969482422
19.39466667175293,108.55471801757812,56.790000915527344
18.890666961669922,109.31478118896484,56.869998931884766
19.263999938964844,110.16144561767578,58.2599983215332
19.33066749572754,110.24803161621094,58.61000061035156
18.36199951171875,111.51801300048828,58.52000045776367
17.965999603271484,113.11511993408203,59.09000015258789
17.83133316040039,113.19207000732422,59.029998779296875
18.239999771118164,113.06698608398438,59.83000183105469
18.26799964904785,115.66468811035156,59.97999954223633
17.635332107543945,112.61480712890625,59.040000915527344
17.3613338470459,113.20169830322266,58.81999969482422
17.851333618164062,113.44221496582031,59.939998626708984
18.32200050354004,112.34541320800781,59.40999984741211
18.57466697692871,112.49935913085938,59.29999923706055
18.657333374023438,113.47107696533203,60.13999938964844
19.278667449951172,114.51016235351562,61.59000015258789
19.058666229248047,114.67372131347656,62.58000183105469
19.45400047302246,115.4241714477539,62.459999084472656
17.851999282836914,114.83728790283203,62.099998474121094
18.33066749572754,115.3471908569336,63.08000183105469
18.213333129882812,115.38569641113281,64.4000015258789
18.15399932861328,114.76029968261719,63.97999954223633
18.40399932861328,115.63581848144531,64.61000061035156
17.89466667175293,115.7705307006836,63.58000183105469
17.84666633605957,116.36703491210938,63.88999938964844
17.7586669921875,116.46324157714844,63.400001525878906
18.224000930786133,116.19384002685547,64.05000305175781
18.082000732421875,117.15595245361328,63.7599983215332
18.21733283996582,118.69532012939453,64.0
17.516666412353516,119.070556640625,65.69999694824219
17.593332290649414,120.68690490722656,66.30000305175781
17.243999481201172,120.273193359375,65.88999938964844
16.5086669921875,124.25631713867188,65.20999908447266
15.675999641418457,124.96826171875,63.29999923706055
16.097999572753906,124.85283660888672,63.5
15.912667274475098,125.65135955810547,63.90999984741211
15.600666999816895,123.03443908691406,63.599998474121094
16.273332595825195,121.42771911621094,61.810001373291016
17.00200080871582,124.01579284667969,61.939998626708984
17.022666931152344,123.29419708251953,62.25
16.470666885375977,120.76386260986328,61.400001525878906
16.32266616821289,120.7542495727539,62.119998931884766
16.131999969482422,120.74462127685547,61.70000076293945
15.968000411987305,122.3128662109375,61.65999984741211
15.133999824523926,118.67608642578125,61.040000915527344
15.487333297729492,120.00379180908203,61.779998779296875
15.463333129882812,121.69371795654297,62.02000045776367
15.222000122070312,124.50381469726562,62.869998931884766
14.0686674118042,123.67333984375,62.7599983215332
13.690667152404785,121.8868637084961,63.099998474121094
13.67199993133545,122.54351806640625,62.9900016784668
12.84866714477539,123.28707885742188,61.41999816894531
13.03266716003418,121.84822082519531,57.90999984741211
12.708666801452637,121.90617370605469,58.630001068115234
12.579999923706055,121.82893371582031,59.13999938964844
12.657333374023438,120.65081787109375,58.810001373291016
12.54800033569336,121.41368103027344,56.59000015258789
12.343999862670898,119.43405151367188,53.5
11.9313325881958,115.72589874267578,53.25
12.90666675567627,118.9319076538086,53.47999954223633
13.105999946594238,121.51025390625,51.68000030517578
13.729999542236328,123.43193817138672,52.59000015258789
13.633333206176758,126.88904571533203,53.9900016784668
14.192000389099121,128.04783630371094,53.2599983215332
14.473333358764648,127.56499481201172,53.27000045776367
13.950667381286621,126.97594451904297,51.13999938964844
14.260666847229004,127.77742767333984,52.279998779296875
14.32800006866455,127.90298461914062,52.5099983215332
15.001999855041504,128.28929138183594,51.93000030517578
14.982666969299316,130.51995849609375,53.900001525878906
15.095333099365234,131.03175354003906,53.7599983215332
14.641332626342773,132.24847412109375,56.650001525878906
14.790666580200195,132.26779174804688,57.43000030517578
14.909333229064941,133.04998779296875,57.900001525878906
14.650667190551758,128.8493194580078,57.83000183105469
14.618000030517578,129.33216857910156,59.380001068115234
14.855999946594238,129.5446014404297,59.43000030517578
14.897333145141602,129.3611602783203,58.470001220703125
15.14466667175293,131.0220947265625,59.09000015258789
14.970000267028809,131.89120483398438,56.25
15.65999984741211,132.7410125732422,57.34000015258789
15.539999961853027,132.35467529296875,57.5099983215332
15.355999946594238,132.25816345214844,57.65999984741211
15.337332725524902,131.77532958984375,57.83000183105469
15.928000450134277,133.1175994873047,60.43000030517578
15.90666675567627,133.64869689941406,60.20000076293945
16.338666915893555,134.1315460205078,60.209999084472656
16.899999618530273,134.1315460205078,59.58000183105469
16.825332641601562,132.37405395507812,57.619998931884766
16.99066734313965,131.5918426513672,56.779998779296875
16.902666091918945,131.73667907714844,55.29999923706055
17.211999893188477,131.9298095703125,55.630001068115234
17.045333862304688,133.6776885986328,56.220001220703125
17.344667434692383,134.50816345214844,56.77000045776367
17.658666610717773,135.88906860351562,55.880001068115234
15.254667282104492,135.37730407714844,56.02000045776367
15.202667236328125,136.48779296875,56.20000076293945
15.718000411987305,136.18841552734375,56.869998931884766
16.150667190551758,135.5317840576172,58.04999923706055
16.107332229614258,131.5918426513672,58.58000183105469
15.59000015258789,133.3203887939453,53.95000076293945
15.62266731262207,132.2001953125,55.65999984741211
15.221332550048828,127.67124938964844,54.689998626708984
15.383333206176758,130.06610107421875,53.630001068115234
15.561332702636719,130.63583374023438,51.09000015258789
15.886667251586914,134.12191772460938,52.540000915527344
15.667332649230957,132.982421875,54.5
15.267333030700684,131.1282958984375,54.93000030517578
15.666666984558105,133.84185791015625,57.099998474121094
14.641332626342773,129.81130981445312,55.22999954223633
14.37600040435791,129.52061462402344,54.470001220703125
14.662667274475098,131.89437866210938,54.869998931884766
15.121999740600586,134.10345458984375,56.209999084472656
15.057332992553711,132.9892578125,56.34000015258789
14.722000122070312,134.4716033935547,55.68000030517578
14.8100004196167,133.49305725097656,55.349998474121094
14.09333324432373,129.23963928222656,54.16999816894531
14.333333015441895,131.2355499267578,53.63999938964844
14.272000312805176,131.51654052734375,54.93000030517578
14.37266731262207,131.34210205078125,55.779998779296875
14.780667304992676,133.82247924804688,56.709999084472656
15.040666580200195,133.570556640625,55.099998474121094
15.000666618347168,131.80718994140625,53.939998626708984
14.711999893188477,133.3477325439453,56.2599983215332
15.305333137512207,135.6924285888672,56.29999923706055
15.16333293914795,134.77198791503906,56.52000045776367
15.452667236328125,133.24114990234375,57.849998474121094
15.702667236328125,131.84596252441406,57.400001525878906
16.47333335876465,131.8846893310547,55.75
16.391332626342773,133.24114990234375,55.09000015258789
16.34666633605957,133.04739379882812,54.849998474121094
16.187332153320312,132.0881805419922,62.900001525878906
16.319332122802734,133.11517333984375,59.34000015258789
16.232667922973633,134.2100372314453,58.11000061035156
16.440000534057617,136.68069458007812,58.130001068115234
16.041332244873047,135.10140991210938,58.09000015258789
16.082000732421875,134.81072998046875,58.63999938964844
14.880666732788086,133.10552978515625,57.290000915527344
15.24666690826416,135.02391052246094,56.4900016784668
16.17066764831543,135.1982879638672,56.40999984741211
16.142000198364258,133.4446258544922,55.90999984741211
16.058000564575195,134.7041778564453,54.06999969482422
16.312667846679688,132.80517578125,53.619998931884766
16.208667755126953,130.46041870117188,52.63999938964844
15.535332679748535,132.0397491455078,52.45000076293945
15.428667068481445,133.82247924804688,52.810001373291016
15.847999572753906,132.85357666015625,52.75
16.003332138061523,131.44871520996094,52.630001068115234
16.302000045776367,133.93875122070312,52.59000015258789
16.31599998474121,134.77198791503906,53.54999923706055
16.525999069213867,135.33392333984375,54.70000076293945
17.130666732788086,135.20799255371094,53.59000015258789
17.19266700744629,137.16513061523438,52.810001373291016
17.316667556762695,136.04122924804688,53.36000061035156
17.46466636657715,135.3436279296875,53.93000030517578
17.1299991607666,133.13458251953125,53.779998779296875
16.899999618530273,134.1228485107422,53.310001373291016
17.038667678833008,132.12693786621094,54.15999984741211
16.978666305541992,132.96983337402344,55.970001220703125
19.978666305541992,135.5858612060547,56.22999954223633
21.875333786010742,136.3512420654297,56.65999984741211
21.847333908081055,139.70361328125,55.810001373291016
21.08133316040039,138.38592529296875,55.540000915527344
21.000667572021484,140.1105499267578,55.060001373291016
20.994667053222656,138.90911865234375,54.18000030517578
20.887332916259766,139.24822998046875,56.20000076293945
21.1646671295166,140.0524139404297,56.540000915527344
21.148000717163086,139.9652099609375,57.22999954223633
21.77199935913086,139.57766723632812,56.349998474121094
22.369333267211914,139.77142333984375,57.150001525878906
22.47599983215332,141.4185333251953,57.2400016784668
23.006000518798828,141.56385803222656,56.86000061035156
23.32866668701172,142.49400329589844,56.79999923706055
23.073999404907227,142.72653198242188,57.119998931884766
23.290000915527344,143.4532012939453,56.77000045776367
23.47800064086914,145.3037567138672,57.720001220703125
23.332666397094727,145.66226196289062,57.04999923706055
23.968000411987305,145.71070861816406,55.209999084472656
23.481332778930664,145.45794677734375,57.11000061035156
23.655332565307617,145.32183837890625,58.58000183105469
22.202667236328125,145.42877197265625,57.77000045776367
22.422666549682617,147.0231475830078,58.0099983215332
21.92799949645996,147.80088806152344,58.40999984741211
22.086000442504883,148.08282470703125,58.11000061035156
21.996000289916992,147.16900634765625,55.16999816894531
22.32466697692871,145.38987731933594,55.959999084472656
22.413333892822266,145.15655517578125,56.099998474121094
22.20199966430664,145.6815643310547,58.43000030517578
22.024667739868164,145.75929260253906,58.43000030517578
22.392667770385742,147.52870178222656,59.20000076293945
22.635332107543945,147.14950561523438,59.02000045776367
23.256000518798828,146.92593383789062,59.2400016784668
23.51333236694336,147.48008728027344,58.7599983215332
23.978666305541992,148.9772491455078,59.18000030517578
23.892667770385742,150.2313690185547,60.06999969482422
25.433332443237305,151.2035369873047,60.209999084472656
25.266000747680664,150.3868865966797,60.939998626708984
26.209999084472656,150.07579040527344,60.93000030517578
26.93600082397461,151.37850952148438,61.220001220703125
27.03933334350586,153.03123474121094,60.439998626708984
27.947999954223633,153.03123474121094,60.52000045776367
28.350000381469727,153.0020751953125,61.11000061035156
28.729333877563477,154.25621032714844,61.68000030517578
28.691999435424805,154.53811645507812,61.720001220703125
27.64666748046875,153.20620727539062,61.68000030517578
27.8886661529541,153.3131866455078,61.060001373291016
28.68400001525879,156.15196228027344,61.18000030517578
29.534000396728516,154.2075958251953,63.04999923706055
30.1026668548584,154.60618591308594,63.27000045776367
31.270666122436523,153.196533203125,62.70000076293945
32.80933380126953,155.63668823242188,59.61000061035156
32.089332580566406,157.58106994628906,59.560001373291016
31.876667022705078,156.85189819335938,59.040000915527344
34.990665435791016,158.73793029785156,58.08000183105469
35.861331939697266,157.6199493408203,58.22999954223633
34.56666564941406,158.6407470703125,57.810001373291016
34.232666015625,161.5475616455078,58.52000045776367
34.03333282470703,162.45169067382812,58.540000915527344
36.47999954223633,161.86839294433594,58.34000015258789
37.97066879272461,161.09063720703125,56.7400016784668
38.14666748046875,162.08226013183594,55.59000015258789
37.654666900634766,160.44898986816406,54.189998626708984
37.201332092285156,157.76576232910156,53.13999938964844
37.793331146240234,160.85731506347656,53.47999954223633
38.732666015625,163.36553955078125,53.33000183105469
42.72066879272461,167.9736785888672,52.13999938964844
43.371334075927734,165.49459838867188,51.560001373291016
52.0,169.52920532226562,50.11000061035156
59.137332916259766,175.10948181152344,49.61000061035156
48.97999954223633,174.89561462402344,50.75
49.930667877197266,178.5218505859375,50.95000076293945
49.871334075927734,178.774658203125,50.31999969482422
51.41866683959961,183.45082092285156,49.56999969482422
51.62533187866211,179.30929565429688,49.939998626708984
51.15266799926758,179.5718231201172,51.16999816894531
53.599998474121094,178.5996551513672,51.41999816894531
53.33533477783203,180.19403076171875,52.04999923706055
57.22666549682617,182.021728515625,52.04999923706055
61.16133117675781,182.567626953125,53.290000915527344
59.96066665649414,179.77957153320312,53.779998779296875
60.06666564941406,174.0963134765625,53.380001068115234
55.58599853515625,166.59002685546875,51.43000030517578
53.32733154296875,163.8410186767578,49.900001525878906
51.91999816894531,165.88816833496094,48.72999954223633
45.266666412353516,154.19985961914062,47.09000015258789
44.53266525268555,157.93345642089844,44.7599983215332
49.574668884277344,168.44224548339844,46.75
49.70066833496094,160.3705596923828,47.18000030517578
49.96666717529297,166.2585906982422,46.779998779296875
48.30266571044922,162.08627319335938,45.900001525878906
46.89866638183594,157.50457763671875,41.279998779296875
40.53333282470703,146.83006286621094,31.1299991607666
43.02199935913086,156.87091064453125,34.36000061035156
42.28200149536133,149.7643585205078,32.97999954223633
37.369998931884766,135.56092834472656,31.5
36.44133377075195,154.83346557617188,31.729999542236328
29.67133331298828,132.0125274658203,28.700000762939453
28.68000030517578,142.88198852539062,26.950000762939453
24.08133316040039,136.86720275878906,20.3700008392334
28.50933265686035,139.11911010742188,25.219999313354492
28.50200080871582,133.8939666748047,22.43000030517578
28.952667236328125,132.55845642089844,23.360000610351562
33.66666793823242,144.60743713378906,24.010000228881836
35.95000076293945,143.22315979003906,24.489999771118164
35.21066665649414,152.18191528320312,22.600000381469727
34.29066848754883,145.93324279785156,21.510000228881836
33.47533416748047,156.19827270507812,20.09000015258789
34.93333435058594,153.74166870117188,20.479999542236328
32.104000091552734,148.28256225585938,20.309999465942383
30.29800033569336,151.35328674316406,25.31999969482422
32.000667572021484,149.95932006835938,28.34000015258789
34.41600036621094,161.11146545410156,26.079999923706055
36.36333465576172,159.37623596191406,23.6299991607666
36.589332580566406,160.97496032714844,25.09000015258789
38.20000076293945,160.98472595214844,22.760000228881836
43.39666748046875,161.3454132080078,22.40999984741211
47.32600021362305,169.32933044433594,20.110000610351562
48.65533447265625,167.55511474609375,19.8700008392334
49.680667877197266,172.58526611328125,19.8700008392334
50.259334564208984,174.1060333251953,18.270000457763672
49.75733184814453,170.65509033203125,-37.630001068115234
45.781333923339844,163.59730529785156,10.010000228881836
48.807334899902344,169.15386962890625,13.779999732971191
47.04199981689453,167.10670471191406,16.5
48.34333419799805,170.15794372558594,16.940000534057617
53.25,169.67051696777344,12.779999732971191
51.27466583251953,165.53720092773438,12.34000015258789
53.367332458496094,172.9654541015625,15.0600004196167
52.12533187866211,174.70069885253906,18.84000015258789
46.75466537475586,170.17742919921875,19.780000686645508
50.74599838256836,174.33999633789062,20.389999389648438
51.2140007019043,176.21168518066406,24.559999465942383
52.172000885009766,177.9468994140625,23.989999771118164
52.00266647338867,178.98025512695312,23.549999237060547
54.62799835205078,180.0330352783203,24.739999771118164
54.08599853515625,182.04122924804688,24.139999389648438
53.96066665649414,177.91763305664062,25.780000686645508
52.73066711425781,175.2270965576172,25.290000915527344
53.55533218383789,175.9874725341797,27.559999465942383
53.27799987792969,178.5513153076172,29.43000030517578
54.242000579833984,180.2572479248047,31.81999969482422
53.867332458496094,179.0094757080078,32.5
54.37066650390625,181.49246215820312,33.4900016784668
55.17333221435547,179.31253051757812,33.91999816894531
54.45866775512695,179.3907012939453,33.25
54.591331481933594,177.49429321289062,34.349998474121094
54.68199920654297,177.7288818359375,32.810001373291016
53.72066879272461,177.32806396484375,33.709999084472656
55.66666793823242,179.1365509033203,35.4900016784668
59.87333297729492,178.72596740722656,35.439998626708984
58.770668029785156,180.75930786132812,36.810001373291016
58.86399841308594,181.19920349121094,37.290000915527344
57.62533187866211,178.81398010253906,37.40999984741211
59.04399871826172,182.99789428710938,39.54999923706055
63.327999114990234,184.13186645507812,38.189998626708984
62.711334228515625,185.53953552246094,38.939998626708984
68.336669921875,192.42149353027344,39.599998474121094
64.85600280761719,182.0887908935547,36.34000015258789
62.35200119018555,183.5257568359375,36.2599983215332
66.05999755859375,184.69883728027344,37.119998931884766
65.47533416748047,189.2248992919922,38.380001068115234
66.11933135986328,189.8798828125,37.959999084472656
66.9306640625,191.91319274902344,38.84000015258789
66.72666931152344,190.76942443847656,39.75
66.28800201416016,196.0677947998047,40.459999084472656
66.78533172607422,197.37771606445312,40.369998931884766
64.0566635131836,193.3990478515625,38.0099983215332
65.73200225830078,195.84292602539062,38.720001220703125
63.982666015625,191.92295837402344,38.4900016784668
67.29000091552734,193.98558044433594,39.70000076293945
71.98733520507812,198.9417724609375,39.27000045776367
74.64199829101562,200.10507202148438,39.81999969482422
80.57733154296875,201.6300506591797,40.650001525878906
91.43866729736328,205.9703826904297,40.630001068115234
92.65733337402344,203.57537841796875,40.619998931884766
91.05867004394531,208.05259704589844,40.900001525878906
92.9520034790039,209.50912475585938,39.619998931884766
102.97666931152344,208.87371826171875,40.54999923706055
99.80400085449219,202.42189025878906,40.099998474121094
101.12000274658203,203.67315673828125,40.290000915527344
103.06732940673828,203.37008666992188,41.20000076293945
100.04266357421875,199.3425750732422,40.75
100.05599975585938,198.325927734375,40.59000015258789
109.53333282470703,206.85020446777344,40.810001373291016
104.55733489990234,204.0641632080078,41.959999084472656
106.15533447265625,206.99681091308594,41.900001525878906
100.87133026123047,197.9935302734375,41.06999969482422
94.46666717529297,196.78140258789062,41.290000915527344
102.63999938964844,199.27413940429688,41.599998474121094
98.43267059326172,197.48524475097656,41.040000915527344
99.94066619873047,199.47943115234375,41.27000045776367
99.16600036621094,199.32302856445312,39.91999816894531
95.38400268554688,200.40809631347656,40.27000045776367
99.0,211.67929077148438,41.0099983215332
99.13333129882812,208.5022430419922,41.70000076293945
99.00133514404297,208.16009521484375,42.189998626708984
99.30533599853516,211.49356079101562,41.95000076293945
96.84733581542969,207.71041870117188,41.220001220703125
94.57133483886719,203.57537841796875,41.939998626708984
91.6259994506836,198.814697265625,41.61000061035156
103.65066528320312,204.49429321289062,42.66999816894531
108.06666564941406,204.0152587890625,42.2400016784668
110.04733276367188,204.2107696533203,42.0099983215332
122.3759994506836,205.55979919433594,42.88999938964844
125.80599975585938,206.74266052246094,42.88999938964844
125.23533630371094,205.4883575439453,42.93000030517578
133.45533752441406,210.27035522460938,42.58000183105469
136.6653289794922,208.74169921875,42.34000015258789
134.27999877929688,209.39822387695312,42.619998931884766
134.8893280029297,212.12242126464844,43.349998474121094
143.54466247558594,216.70838928222656,43.38999938964844
149.25,222.0293426513672,43.040000915527344
147.55999755859375,224.3125457763672,42.970001220703125
166.10667419433594,221.00039672851562,42.61000061035156
158.35000610351562,222.70550537109375,42.7599983215332
149.1233367919922,226.9975128173828,41.5099983215332
135.6666717529297,212.93569946289062,41.369998931884766
139.44000244140625,209.94699096679688,39.77000045776367
110.06999969482422,198.5897674560547,36.7599983215332
122.09333038330078,207.04641723632812,38.04999923706055
123.77999877929688,201.24533081054688,37.29999923706055
124.23999786376953,199.9322509765625,37.33000183105469
139.8733367919922,201.2845001220703,37.2599983215332
149.9199981689453,204.5868682861328,38.279998779296875
147.25332641601562,200.9317626953125,40.15999984741211
141.14332580566406,198.83473205566406,40.970001220703125
147.38333129882812,196.3653564453125,41.11000061035156
149.79666137695312,198.47213745117188,39.310001373291016
141.41000366210938,203.254150390625,39.599998474121094
126.78666687011719,196.56134033203125,39.93000030517578
129.26333618164062,199.10911560058594,40.310001373291016
135.77999877929688,203.64610290527344,40.25
140.39999389648438,205.23358154296875,40.599998474121094
139.69000244140625,203.0973663330078,39.290000915527344
143.00332641601562,206.10569763183594,40.220001220703125
149.3866729736328,208.1929473876953,38.720001220703125
138.3633270263672,202.04885864257812,37.04999923706055
141.89332580566406,206.15469360351562,39.220001220703125
137.9933319091797,201.7744903564453,40.66999816894531
141.76666259765625,205.6157684326172,39.95000076293945
141.97332763671875,206.3507080078125,41.189998626708984
144.6666717529297,211.4756622314453,40.599998474121094
147.43333435058594,216.95335388183594,39.43000030517578
148.88333129882812,218.38406372070312,40.20000076293945
153.76666259765625,216.42422485351562,41.040000915527344
149.6266632080078,215.24830627441406,40.959999084472656
146.55667114257812,215.24830627441406,40.880001068115234
143.61000061035156,209.91758728027344,40.83000183105469
140.64666748046875,210.3389434814453,41.459999084472656
140.8800048828125,210.48593139648438,40.029998779296875
141.92999267578125,210.57412719726562,40.63999938964844
140.2100067138672,211.88722229003906,39.849998474121094
140.0933380126953,205.8607177734375,38.560001373291016
141.55999755859375,208.96705627441406,39.56999969482422
135.33999633789062,198.6093292236328,37.38999938964844
136.94332885742188,200.60838317871094,36.16999816894531
129.34666442871094,198.40357971191406,35.790000915527344
133.50332641601562,198.26638793945312,36.810001373291016
141.3000030517578,202.28402709960938,37.65999984741211
140.32666015625,212.0439910888672,39.150001525878906
146.02999877929688,218.80540466308594,38.790000915527344
143.31666564941406,219.22679138183594,37.13999938964844
140.4199981689453,214.0038299560547,40.290000915527344
136.7866668701172,206.77203369140625,41.36000061035156
139.0433349609375,212.20082092285156,41.45000076293945
137.25332641601562,211.1130828857422,41.119998931884766
136.1666717529297,212.16159057617188,40.130001068115234
136.02999877929688,212.8671417236328,41.34000015258789
147.20333862304688,210.1527557373047,41.43000030517578
162.2133331298828,207.3821563720703,41.81999969482422
166.42333984375,208.6986846923828,41.7400016784668
163.20333862304688,206.70425415039062,42.150001525878906
173.9499969482422,206.42916870117188,43.060001373291016
185.1266632080078,210.1134796142578,44.90999984741211
191.3333282470703,210.12327575683594,45.709999084472656
195.25332641601562,211.45945739746094,45.529998779296875
189.1999969482422,210.31980895996094,45.34000015258789
194.9199981689453,212.42230224609375,44.54999923706055
189.60667419433594,211.59701538085938,45.279998779296875
197.7933349609375,210.48680114746094,45.63999938964844
199.67999267578125,210.60467529296875,46.2599983215332
213.9199981689453,210.5359344482422,45.7599983215332
216.6266632080078,212.22579956054688,45.599998474121094
201.4933319091797,208.0895538330078,45.52000045776367
209.02333068847656,206.83197021484375,46.779998779296875
203.3300018310547,209.52398681640625,46.56999969482422
213.27667236328125,210.447509765625,46.9900016784668
211.0833282470703,210.37875366210938,47.619998931884766
207.58999633789062,215.4385223388672,47.81999969482422
218.63333129882812,215.5760498046875,48.36000061035156
231.6666717529297,214.7606201171875,49.099998474121094
216.6199951171875,218.69052124023438,47.7400016784668
213.44667053222656,220.01686096191406,47.02000045776367
215.32666015625,217.14801025390625,48.119998931884766
220.58999633789062,218.8477020263672,48.22999954223633
221.22999572753906,221.0189971923828,47.619998931884766
221.99667358398438,220.22317504882812,48.0
231.5933380126953,217.7964630126953,48.400001525878906
235.22332763671875,218.5235137939453,48.52000045776367
243.2566680908203,213.87637329101562,47.619998931884766
245.0366668701172,214.0826873779297,49.93000030517578
251.9933319091797,208.5316619873047,50.630001068115234
272.0133361816406,214.4658660888672,50.83000183105469
293.3399963378906,215.77255249023438,52.2400016784668
270.39666748046875,213.6798858642578,52.25
283.14666748046875,211.1647186279297,53.209999084472656
284.8033447265625,212.5500030517578,52.90999984741211
281.6666564941406,209.28817749023438,53.56999969482422
275.38665771484375,208.92466735839844,52.36000061035156
281.51666259765625,212.6482696533203,52.97999954223633
283.48333740234375,220.4098663330078,53.2400016784668
281.663330078125,221.02882385253906,53.130001068115234
282.21331787109375,221.9916534423828,52.27000045776367
293.6000061035156,225.50894165039062,52.77000045776367
294.36334228515625,228.25991821289062,52.61000061035156
288.0533447265625,228.81991577148438,52.849998474121094
278.4766540527344,234.7442626953125,52.34000015258789
264.510009765625,227.89639282226562,52.20000076293945
279.9366760253906,235.45162963867188,53.54999923706055
290.92999267578125,235.31410217285156,54.7599983215332
284.89666748046875,238.74298095703125,55.689998626708984
283.3299865722656,237.7703094482422,56.22999954223633
284.07666015625,237.9569854736328,56.849998474121094
287.8066711425781,238.22225952148438,57.970001220703125
283.1533203125,239.49949645996094,58.36000061035156
268.2733459472656,238.56613159179688,58.68000030517578
270.5533447265625,240.2069091796875,58.2400016784668
272.0400085449219,240.69810485839844,59.470001220703125
265.40667724609375,239.4307098388672,60.04999923706055
266.04998779296875,240.47451782226562,61.13999938964844
262.4599914550781,240.07078552246094,60.52000045776367
260.4333190917969,237.2938232421875,59.2400016784668
238.1666717529297,230.93235778808594,61.4900016784668
232.94667053222656,229.71127319335938,61.66999816894531
247.33999633789062,230.97177124023438,63.220001220703125
227.4066619873047,225.49659729003906,63.529998779296875
225.1666717529297,228.83485412597656,61.5
239.47666931152344,233.3252716064453,60.63999938964844
228.81333923339844,230.30213928222656,59.75
217.73333740234375,224.08837890625,61.279998779296875
207.14666748046875,223.2710418701172,63.83000183105469
199.31666564941406,228.0667724609375,66.08999633789062
187.6666717529297,223.92098999023438,65.05000305175781
224.52667236328125,230.21348571777344,64.01000213623047
222.68666076660156,228.87423706054688,64.44000244140625
233.1999969482422,233.5124053955078,66.0199966430664
231.2433319091797,232.15342712402344,65.61000061035156
235.97999572753906,231.22779846191406,65.38999938964844
225.6266632080078,234.08352661132812,64.80000305175781
233.93666076660156,233.4237518310547,64.5999984741211
217.72000122070312,227.2001953125,60.0
218.2899932861328,226.83584594726562,61.41999816894531
223.3333282470703,232.38978576660156,61.54999923706055
220.72000122070312,233.95553588867188,57.7599983215332
210.08999633789062,231.8678741455078,61.18000030517578
213.4633331298828,228.7954864501953,58.560001373291016
206.23666381835938,232.872314453125,60.970001220703125
203.76333618164062,231.65122985839844,61.560001373291016
211.8733367919922,228.3129425048828,60.54999923706055
222.64332580566406,232.17312622070312,59.15999984741211
220.5833282470703,238.6527557373047,61.45000076293945
230.35000610351562,245.27024841308594,58.650001525878906
230.5399932861328,244.0786895751953,59.33000183105469
223.6566619873047,246.08755493164062,59.77000045776367
227.93333435058594,249.386474609375,59.599998474121094
225.67333984375,251.94679260253906,59.31999969482422
233.9933319091797,252.00588989257812,59.70000076293945
254.10667419433594,254.5465087890625,60.18000030517578
244.07666015625,251.69076538085938,63.150001525878906
246.28334045410156,255.5410919189453,63.459999084472656
246.5933380126953,256.7621765136719,63.130001068115234
238.2100067138672,254.7926788330078,63.380001068115234
239.663330078125,254.32005310058594,62.439998626708984
248.0399932861328,256.6046447753906,61.349998474121094
239.89666748046875,253.2466583251953,61.43000030517578
243.13333129882812,257.16595458984375,62.13999938964844
246.06666564941406,257.5598449707031,61.90999984741211
234.913330078125,257.97344970703125,62.939998626708984
231.46665954589844,250.67648315429688,63.86000061035156
225.6666717529297,248.65777587890625,65.01000213623047
236.47999572753906,248.33277893066406,63.58000183105469
228.3000030517578,248.01766967773438,64.48999786376953
224.53334045410156,244.009765625,65.69000244140625
223.64666748046875,242.7099151611328,65.62999725341797
221.17999267578125,245.920166015625,64.70999908447266
224.1233367919922,248.60853576660156,64.9000015258789
209.67999267578125,243.4090576171875,64.91999816894531
205.73333740234375,242.47357177734375,65.27999877929688
196.6300048828125,235.35386657714844,66.08000183105469
190.56333923339844,239.3223876953125,63.81999969482422
196.5800018310547,244.36427307128906,65.37000274658203
192.27667236328125,241.4395751953125,66.2699966430664
192.6233367919922,239.3716278076172,65.48999786376953
187.82000732421875,239.96383666992188,63.36000061035156
195.5933380126953,243.2801971435547,62.04999923706055
193.6266632080078,241.9872283935547,63.58000183105469
202.14666748046875,247.52439880371094,66.05000305175781
201.56333923339844,248.4521942138672,66.06999969482422
206.3766632080078,248.2251739501953,66.20999908447266
210.28334045410156,246.073486328125,66.8499984741211
208.4066619873047,246.4386749267578,66.31999969482422
207.96665954589844,244.1882781982422,67.72000122070312
201.7066650390625,244.08956909179688,68.83000183105469
190.94667053222656,242.52023315429688,68.80999755859375
199.68333435058594,247.53427124023438,69.62000274658203
201.7100067138672,250.5150604248047,69.2300033569336
201.19667053222656,249.29115295410156,70.05000305175781
199.5933380126953,250.2978973388672,69.95999908447266
203.3733367919922,253.9005126953125,70.29000091552734
203.29666137695312,254.54212951660156,70.91000366210938
205.89666748046875,256.51611328125,70.87999725341797
199.7866668701172,255.00596618652344,72.12000274658203
201.6233367919922,254.03872680664062,72.1500015258789
205.53334045410156,257.51300048828125,71.04000091552734
207.77000427246094,256.06207275390625,71.63999938964844
206.94332885742188,259.2205505371094,73.66000366210938
207.90333557128906,262.06317138671875,73.05999755859375
218.85667419433594,261.8262939453125,73.08000183105469
226.60667419433594,263.22784423828125,73.30000305175781
223.9566650390625,261.57952880859375,74.05000305175781
229.57333374023438,265.23150634765625,72.91000366210938
226.9199981689453,267.876708984375,72.9800033569336
226.56666564941406,267.3831787109375,73.47000122070312
225.97332763671875,268.0741271972656,75.2300033569336
226.3000030517578,274.0455627441406,75.16000366210938
219.86000061035156,274.0554504394531,73.37000274658203
214.88333129882812,276.2959899902344,72.19999694824219
217.60333251953125,273.81854248046875,72.94000244140625
218.98333740234375,274.331787109375,74.55999755859375
228.56666564941406,273.7198181152344,74.0999984741211
222.84666442871094,277.33233642578125,75.25
217.7933349609375,278.84246826171875,73.12999725341797
216.86666870117188,277.3816833496094,71.6500015258789
214.74000549316406,277.1053161621094,71.80999755859375
215.4066619873047,273.41387939453125,66.41999816894531
220.1666717529297,275.69390869140625,67.41999816894531
218.42999267578125,277.74688720703125,70.30000305175781
216.4199981689453,282.4253845214844,71.91000366210938
214.4600067138672,285.9095764160156,72.06999969482422
219.2066650390625,285.29754638671875,71.91000366210938
214.92666625976562,282.8201599121094,71.6500015258789
215.66000366210938,282.5043029785156,72.38999938964844
225.78334045410156,282.7806701660156,73.62000274658203
229.06666564941406,281.2113037109375,73.94999694824219
236.55667114257812,281.1224670410156,71.26000213623047
236.5800018310547,283.392578125,70.55999755859375
236.97332763671875,282.7905578613281,68.1500015258789
238.2100067138672,285.761474609375,69.08999633789062
233.03334045410156,285.7022399902344,68.27999877929688
237.9199981689453,284.5869445800781,66.4800033569336
236.663330078125,282.7214660644531,68.29000091552734
235.94000244140625,283.224853515625,69.25
240.75,286.0476989746094,69.08999633789062
239.05667114257812,289.0482482910156,68.44000244140625
228.72332763671875,290.7755126953125,67.29000091552734
221.90333557128906,289.27520751953125,66.58999633789062
229.663330078125,287.5050964355469,65.45999908447266
224.49000549316406,293.4781188964844,63.689998626708984
226.75332641601562,300.9839172363281,62.31999969482422
235.43333435058594,301.2707214355469,65.63999938964844
236.163330078125,299.26318359375,67.54000091552734
237.06666564941406,298.6600341796875,68.36000061035156
233.72000122070312,295.77239990234375,67.41999816894531
237.30667114257812,296.3953857421875,68.73999786376953
243.6366729736328,300.2224426269531,69.20999908447266
245.24000549316406,298.5314025878906,68.5
244.69667053222656,298.48199462890625,68.58999633789062
244.1300048828125,297.8095397949219,69.98999786376953
244.52333068847656,297.7996520996094,69.29000091552734
250.97332763671875,296.85028076171875,68.3499984741211
251.2899932861328,296.87994384765625,69.30000305175781
251.6199951171875,293.9527893066406,68.13999938964844
245.42333984375,292.4298095703125,69.72000122070312
247.6666717529297,293.6956787109375,70.44999694824219
248.163330078125,296.46466064453125,70.45999908447266
251.94332885742188,301.4388122558594,72.61000061035156
252.3300018310547,301.8343811035156,72.61000061035156
253.163330078125,296.543701171875,71.97000122070312
243.38999938964844,291.0354919433594,70.29000091552734
246.4600067138672,291.5299377441406,70.55999755859375
250.64666748046875,295.26800537109375,72.2300033569336
251.2133331298828,296.2371826171875,73.30000305175781
258.1300048828125,296.02947998046875,73.9800033569336
263.78668212890625,290.906982421875,75.44999694824219
259.1866760253906,280.3750915527344,75.29000091552734
260.4366760253906,280.8497619628906,74.83000183105469
258.49334716796875,278.7928466796875,75.02999877929688
258.40667724609375,285.8931884765625,75.87999725341797
260.510009765625,279.9695739746094,77.62000274658203
260.1966552734375,285.55694580078125,78.93000030517578
260.9166564941406,289.8586730957031,77.43000030517578
264.53668212890625,291.57940673828125,78.30000305175781
261.8299865722656,291.57940673828125,79.3499984741211
263.9800109863281,290.9662780761719,80.5199966430664
268.5733337402344,289.6312561035156,80.63999938964844
270.3599853515625,293.023193359375,80.44000244140625
272.7733459472656,299.39178466796875,81.30999755859375
281.010009765625,300.8356018066406,82.27999877929688
290.03668212890625,303.8814392089844,82.44000244140625
288.0899963378906,304.81097412109375,82.95999908447266
288.6000061035156,304.00006103515625,83.87000274658203
298.0,307.31292724609375,82.5
303.2266540527344,305.73065185546875,83.76000213623047
341.6199951171875,304.71209716796875,83.76000213623047
339.4766540527344,306.67010498046875,84.6500015258789
345.9533386230469,319.5853271484375,82.66000366210938
359.0133361816406,320.752197265625,82.80999755859375
371.3333435058594,327.9414978027344,83.56999969482422
402.86334228515625,325.71649169921875,84.05000305175781
390.6666564941406,329.434814453125,83.91000366210938
404.6199951171875,330.295166015625,80.86000061035156
409.9700012207031,332.7080993652344,78.80999755859375
407.36334228515625,332.332275390625,81.2699966430664
387.64666748046875,333.251953125,81.93000030517578
341.1666564941406,332.22357177734375,84.1500015258789
355.98333740234375,327.130615234375,81.33999633789062
354.5033264160156,328.7425537109375,81.58999633789062
344.47332763671875,332.9850158691406,80.79000091552734
337.7966613769531,332.34222412109375,80.87999725341797
351.57666015625,335.7440490722656,80.76000213623047
363.0033264160156,335.97186279296875,78.36000061035156
365.4599914550781,338.1019287109375,79.01000213623047
379.0199890136719,339.92486572265625,76.0999984741211
385.6233215332031,336.6752624511719,76.75
369.6766662597656,334.5452575683594,78.5
372.0,334.7731018066406,78.38999938964844
360.6400146484375,326.6195373535156,68.1500015258789
378.9966735839844,333.5050354003906,69.94999694824219
381.586669921875,327.5210876464844,66.18000030517578
365.0,327.01580810546875,65.56999969482422
361.5333251953125,326.4312744140625,66.5
338.3233337402344,320.011474609375,66.26000213623047
336.336669921875,323.16192626953125,69.48999786376953
350.5833435058594,331.81085205078125,72.05000305175781
356.32000732421875,331.8604431152344,72.36000061035156
334.6000061035156,330.00775146484375,70.94000244140625
339.010009765625,339.3601379394531,71.66999816894531
322.13665771484375,336.2492980957031,71.29000091552734
319.5033264160156,325.2919616699219,70.7300033569336
325.3299865722656,331.54339599609375,70.87000274658203
308.97332763671875,321.8839111328125,72.37999725341797
310.8566589355469,320.7940979003906,70.86000061035156
299.9800109863281,316.94024658203125,68.2300033569336
312.84332275390625,324.251708984375,71.12000274658203
336.2900085449219,330.10687255859375,72.76000213623047
355.6666564941406,331.5830078125,73.79000091552734
364.64666748046875,339.2709655761719,75.56999969482422
362.8233337402344,338.0821228027344,75.9800033569336
362.0633239746094,338.775634765625,76.55999755859375
356.7799987792969,336.1700439453125,76.98999786376953
352.260009765625,333.1979064941406,75.20999908447266
399.9266662597656,331.6424560546875,76.08000183105469
383.1966552734375,325.95574951171875,76.98999786376953
362.7066650390625,313.4429931640625,77.8499984741211
354.8999938964844,310.9662170410156,79.45999908447266
342.32000732421875,311.1247253417969,78.9000015258789
352.7066650390625,311.3525695800781,78.2300033569336
354.79998779296875,312.0559997558594,81.22000122070312
368.739990234375,315.3154296875,82.63999938964844
343.85333251953125,301.9704895019531,82.12000274658203
349.8699951171875,307.3204040527344,83.81999969482422
343.5033264160156,299.8404541015625,85.43000030517578
331.8833312988281,300.51409912109375,86.95999908447266
332.0899963378906,298.8001708984375,86.9000015258789
314.6333312988281,293.2818908691406,85.13999938964844
310.0,293.6187438964844,83.30999755859375
306.1333312988281,285.8119201660156,85.5999984741211
312.4700012207031,293.9555969238281,87.3499984741211
276.3666687011719,297.0565490722656,86.61000061035156
282.1166687011719,305.39837646484375,86.81999969482422
312.239990234375,308.0931091308594,88.1500015258789
310.4166564941406,305.89373779296875,88.19999694824219
301.88665771484375,310.5500793457031,88.26000213623047
297.0466613769531,298.45343017578125,90.2699966430664
307.7733459472656,303.0998840332031,92.30999755859375
302.4466552734375,298.1562194824219,91.31999969482422
307.3333435058594,301.7326965332031,89.36000061035156
310.6666564941406,308.3209533691406,89.66000366210938
301.51666259765625,299.572998046875,89.87999725341797
286.6666564941406,292.30108642578125,93.0999984741211
291.9200134277344,292.261474609375,95.45999908447266
307.4766540527344,297.6806945800781,92.06999969482422
307.7966613769531,297.33319091796875,93.66000366210938
292.1166687011719,288.6266784667969,91.76000213623047
285.6600036621094,285.846923828125,91.06999969482422
273.84332275390625,285.6384582519531,92.3499984741211
254.67999267578125,278.2423095703125,92.0999984741211
266.92333984375,292.4587097167969,92.80999755859375
269.9566650390625,295.1590881347656,91.58999633789062
290.1433410644531,296.62835693359375,95.72000122070312
288.1233215332031,292.816162109375,103.41000366210938
293.2966613769531,298.01824951171875,110.5999984741211
279.7633361816406,293.7791442871094,107.66999816894531
279.42999267578125,287.762939453125,115.68000030517578
268.1933288574219,276.8921813964844,119.4000015258789
274.79998779296875,273.85430908203125,123.69999694824219
286.3233337402344,286.4128112792969,108.69999694824219
279.4333190917969,283.52386474609375,106.0199966430664
265.1166687011719,278.0437927246094,109.33000183105469
255.4566650390625,274.4400634765625,103.01000213623047
267.2966613769531,285.07257080078125,96.44000244140625
280.07666015625,292.26019287109375,95.04000091552734
290.5333251953125,293.08416748046875,102.9800033569336
301.7966613769531,298.2565002441406,104.69999694824219
307.0533447265625,296.9956970214844,112.12000274658203
331.32666015625,301.8602294921875,111.76000213623047
333.03668212890625,297.3232727050781,114.93000030517578
337.97332763671875,301.89996337890625,112.33999633789062
336.8800048828125,301.48297119140625,113.9000015258789
363.9466552734375,308.45220947265625,105.95999908447266
366.5233459472656,313.12811279296875,104.23999786376953
364.663330078125,311.5893249511719,107.81999969482422
359.20001220703125,306.0794677734375,100.27999877929688
361.5299987792969,307.18145751953125,99.2699966430664
381.8166809082031,312.6913146972656,103.27999877929688
363.7533264160156,308.6308898925781,101.95999908447266
348.586669921875,297.33319091796875,96.2300033569336
352.4200134277344,299.1896667480469,96.02999877929688
341.8299865722656,294.8215026855469,98.26000213623047
325.30999755859375,283.1962890625,94.29000091552734
328.98333740234375,280.0194091796875,100.5999984741211
340.7900085449219,285.5391540527344,104.25
328.3333435058594,277.8055419921875,106.94999694824219
334.7633361816406,278.49053955078125,108.20999908447266
342.7166748046875,283.2359619140625,102.55999755859375
325.73333740234375,284.28826904296875,102.75
336.260009765625,278.7784118652344,103.79000091552734
335.01666259765625,272.0474853515625,102.06999969482422
332.67333984375,278.6890869140625,98.54000091552734
292.1400146484375,268.26507568359375,101.69999694824219
293.836669921875,281.1710205078125,102.0199966430664
292.5033264160156,287.5346374511719,105.36000061035156
290.2533264160156,275.51220703125,104.69000244140625
300.9800109863281,282.4119567871094,105.16999816894531
303.0833435058594,279.7414245605469,102.41000366210938
317.5400085449219,287.8821105957031,107.80999755859375
291.09332275390625,275.3434753417969,108.26000213623047
288.54998779296875,272.742431640625,109.7699966430664
262.3699951171875,262.6658630371094,103.08999633789062
266.67999267578125,267.5502624511719,99.76000213623047
244.6666717529297,258.6650085449219,105.70999908447266
242.6666717529297,253.5026397705078,106.12999725341797
256.5299987792969,259.2309265136719,110.48999786376953
241.4566650390625,259.608154296875,114.19999694824219
253.8699951171875,264.8896789550781,112.4000015258789
236.60333251953125,252.82933044433594,109.58999633789062
236.47332763671875,251.89395141601562,112.20999908447266
221.3000030517578,251.31680297851562,113.2300033569336
224.96665954589844,259.3669738769531,110.29000091552734
209.3866729736328,258.342041015625,109.7699966430664
219.60000610351562,261.227783203125,110.33000183105469
235.91000366210938,264.59112548828125,114.08999633789062
253.2100067138672,271.8949890136719,115.06999969482422
252.75332641601562,270.5317687988281,114.66999816894531
246.7899932861328,271.07904052734375,115.26000213623047
258.3333435058594,273.2283935546875,116.87000274658203
234.51666259765625,268.69085693359375,118.87000274658203
238.27999877929688,267.4270935058594,118.5
238.8866729736328,271.1586608886719,119.41000366210938
241.86666870117188,269.0789489746094,122.11000061035156
239.7066650390625,263.48663330078125,121.51000213623047
232.22999572753906,251.74468994140625,120.66999816894531
215.73666381835938,241.0675048828125,120.93000030517578
220.88999938964844,243.28652954101562,118.93000030517578
233.0,250.52073669433594,115.30999755859375
213.10000610351562,243.76416015625,117.58999633789062
216.75999450683594,246.43096923828125,109.55999755859375
237.0366668701172,252.49099731445312,110.6500015258789
236.086669921875,251.88400268554688,106.19000244140625
235.07000732421875,257.5857849121094,104.2699966430664
245.7066650390625,266.3822937011719,107.62000274658203
244.9199981689453,263.58612060546875,109.56999969482422
232.663330078125,255.21751403808594,111.76000213623047
228.49000549316406,258.9789123535156,109.77999877929688
224.47332763671875,255.56578063964844,105.76000213623047
227.26333618164062,258.3022155761719,108.43000030517578
233.06666564941406,261.55615234375,99.5
231.73333740234375,264.89959716796875,98.52999877929688
244.5433349609375,267.0788269042969,102.7300033569336
250.76333618164062,266.34246826171875,104.79000091552734
234.3433380126953,263.2079772949219,104.08999633789062
233.07000732421875,252.42132568359375,95.83999633789062
237.0399932861328,251.47601318359375,96.30000305175781
238.31333923339844,252.82933044433594,95.77999877929688
240.06666564941406,255.45631408691406,97.58999633789062
240.54666137695312,252.99847412109375,102.5999984741211
245.52999877929688,258.25250244140625,104.22000122070312
247.5,260.97900390625,102.26000213623047
271.7066650390625,263.5363464355469,96.3499984741211
272.24334716796875,259.0783996582031,94.69999694824219
268.4333190917969,257.555908203125,96.69999694824219
258.8599853515625,250.6600341796875,94.9800033569336
274.82000732421875,267.4171447753906,97.26000213623047
280.8999938964844,275.0494079589844,96.41999816894531
297.1499938964844,279.35809326171875,98.62000274658203
297.27667236328125,276.64154052734375,93.88999938964844
300.586669921875,273.46722412109375,94.41999816894531
307.39666748046875,281.0795593261719,90.66000366210938
308.6333312988281,282.2537536621094,88.54000091552734
288.1700134277344,281.51739501953125,89.01000213623047
290.42333984375,278.9401550292969,90.76000213623047
283.3333435058594,280.910400390625,90.5
294.3566589355469,287.73663330078125,91.93000030517578
286.6300048828125,285.6071472167969,94.33999633789062
300.0299987792969,290.4731140136719,92.08999633789062
309.32000732421875,292.02545166015625,89.41000366210938
306.5633239746094,291.2691650390625,86.52999877929688
303.9966735839844,290.5013427734375,88.11000061035156
302.8699951171875,289.35455322265625,90.5
296.6666564941406,285.3458557128906,90.7699966430664
289.913330078125,276.9694519042969,90.2300033569336
296.4533386230469,275.66314697265625,93.73999786376953
297.0966796875,275.0149841308594,94.88999938964844
296.07000732421875,278.0663757324219,92.5199966430664
288.0899963378906,267.33660888671875,93.05999755859375
284.82000732421875,264.4846496582031,97.01000213623047
277.70001220703125,262.2309875488281,91.63999938964844
275.6099853515625,260.7351989746094,89.55000305175781
277.1600036621094,259.668212890625,86.61000061035156
270.2099914550781,255.3404083251953,86.87000274658203
274.4200134277344,252.53829956054688,86.87999725341797
283.70001220703125,257.3647155761719,81.94000244140625
289.260009765625,257.7934875488281,83.54000091552734
299.67999267578125,263.716796875,86.79000091552734
304.4200134277344,265.900634765625,87.77999877929688
292.1300048828125,251.2818603515625,87.30999755859375
302.6099853515625,251.51119995117188,88.4800033569336
303.75,244.6904296875,85.0999984741211
303.3500061035156,244.05223083496094,85.11000061035156
309.07000732421875,243.8328399658203,85.7300033569336
308.7300109863281,241.76866149902344,84.44999694824219
300.79998779296875,238.2784881591797,82.94000244140625
288.5899963378906,240.3027801513672,83.48999786376953
275.3299865722656,237.2513885498047,78.73999786376953
276.010009765625,236.78269958496094,76.70999908447266
282.94000244140625,235.74563598632812,78.5
287.80999755859375,240.39254760742188,82.1500015258789
268.2099914550781,236.8325653076172,81.2300033569336
265.25,232.2454833984375,79.48999786376953
242.39999389648438,240.06346130371094,83.62999725341797
249.44000244140625,248.1805877685547,86.5199966430664
240.80999755859375,248.4996795654297,87.76000213623047
238.1300048828125,246.09645080566406,88.44999694824219
223.07000732421875,233.5817413330078,92.63999938964844
222.9600067138672,228.6057586669922,91.12999725341797
216.5,224.77655029296875,89.3499984741211
217.24000549316406,225.11558532714844,87.2699966430664
221.72000122070312,233.5817413330078,89.11000061035156
204.99000549316406,227.91769409179688,85.61000061035156
219.35000610351562,236.86248779296875,85.45999908447266
220.19000244140625,237.8297576904297,82.81999969482422
222.0399932861328,235.8154296875,85.55000305175781
207.27999877929688,235.48635864257812,85.9800033569336
214.44000244140625,241.4395751953125,85.05000305175781
211.25,246.55517578125,84.58000183105469
222.4199981689453,249.95558166503906,85.31999969482422
224.63999938964844,230.66993713378906,87.91000366210938
225.08999633789062,226.11277770996094,89.08000183105469
228.52000427246094,235.20713806152344,87.9000015258789
227.5399932861328,231.4776611328125,86.52999877929688
227.82000732421875,227.52879333496094,88.37000274658203
214.97999572753906,219.48147583007812,90.0
215.30999755859375,213.6479034423828,88.16999816894531
207.47000122070312,220.76783752441406,92.61000061035156
197.0800018310547,227.22962951660156,91.79000091552734
191.3000030517578,228.22682189941406,88.91000366210938
177.58999633789062,223.8790740966797,85.83000183105469
190.72000122070312,242.2971649169922,86.47000122070312
195.97000122070312,246.41555786132812,88.95999908447266
190.9499969482422,240.87118530273438,85.87000274658203
194.4199981689453,241.29000854492188,86.91999816894531
186.9199981689453,241.72999572753906,85.58999633789062
183.1699981689453,241.67999267578125,81.63999938964844
180.19000244140625,241.22000122070312,80.08000183105469
